"Label Key";"Default Language";"_4";"_32";"_567";"_587"
topscore;Response List;Liste de réponses;Lista de respuestas;Orodha ya Majibu;Urutonde rwibisubizo
start_survey;I'm ready!;Je suis prêt!;¡Estoy listo!;Niko tayari!;Niteguye!
next_question;Next;Suivant;próximo;Ifuatayo;Ibikurikira
view_score;Submit;Soumettre;Enviar;Enviar;Tanga
back_to_start;;;;;
view_response;View Correct Answers;Afficher les réponses correctes;Ver respuestas correctas;Angalia Majibu Sahihi;Reba Ibisubizo Byukuri
leaderboard_back;;;;;
imgupload_picture_btn;Take a Picture;View Correct Answers;Toma una foto;Piga picha;Fata Ifoto
imgupload_upload_btn;Upload;Télécharger;Subir;Pakia;Kuramo
imgupload_filename;Filename:;Nom de fichier:;Nombre del archivo:;Jina la faili:;Izina rya dosiye:
imgupload_progress;Progress: Uploading...;Progression : Téléchargement...;Progreso: subiendo…;Maendeleo: Inapakia…;Amajyambere: Gukuramo…
imgupload_success;Upload successful;Téléchargement réussi;Subida exitosa;Kupakia kumefanikiwa;Kuramo neza
imgupload_fail;Upload failed;Échec du téléchargement;Subida fallida;Imeshindwa kupakia;Gukuramo byarananiranye
topscore_refresh;Refresh;Rafraîchir;Actualizar;Onyesha upya;Ongera
loading;Loading...;Chargement...;Cargando...;Inapakia ...;Kuremera ...
preview;Preview Mode: No results saved!;Mode Aperçu : Aucun résultat enregistré !;Modo de vista previa: ¡No se guardaron resultados!;Hali ya Kuhakiki: Hakuna matokeo yaliyohifadhiwa!;Uburyo bwo kureba: Nta bisubizo byabitswe!
mandatory_ok;OK;d'accord;OK;sawa;
mandatory_minandmax;Please select the required number of answers;Veuillez sélectionner le nombre de réponses souhaité;Seleccione el número requerido de respuestas;Tafadhali chagua idadi inayohitajika ya majibu;Nyamuneka hitamo umubare ukenewe wibisubizo
mandatory_min;The minimum number of selected answers is:;Le nombre minimum de réponses sélectionnées est :;El número mínimo de respuestas seleccionadas es:;Idadi ya chini ya majibu yaliyochaguliwa ni:;Umubare ntarengwa wibisubizo byatoranijwe ni:
mandatory_max;The maximum number of selected answers is:;Le nombre maximum de réponses sélectionnées est :;El número máximo de respuestas seleccionadas es:;Idadi kubwa ya majibu yaliyochaguliwa ni:;Umubare ntarengwa wibisubizo byatoranijwe ni:
imgupload_waiting;Progress: Awaiting reply from the server.;Progression : En attente de réponse du serveur.;Progreso: esperando respuesta del servidor.;Maendeleo:;Nyamuneka hitamo umubare ukenewe wibisubizo
languagescreen;The intro text on the language screen;Le texte d'introduction sur l'écran de langue;El texto de introducción en la pantalla de idioma;The intro text on the language screen;The intro text on the language screen
inactive;Sorry! This survey/quiz is inactive.;Pardon! Ce sondage/quiz est inactif.;¡Lo siento! Esta encuesta / cuestionario está inactiva.;Inasubiri jibu kutoka kwa seva.;Ihangane! Ubu bushakashatsi / ikibazo ntigikora.
passcode_placeholder;Please enter your activation code;Veuillez saisir votre code d'activation;"Por favor; ingrese su Código de Activación";Tafadhali ingiza msimbo wako wa uanzishaji;Nyamuneka andika kode yawe
passcode_start;Start;Démarrer;Comienzo;Anza;Tangira
topscore_noresponses;Be the first to complete this survey;Soyez le premier à répondre à ce sondage;Sea el primero en completar esta encuesta;Kuwa wa kwanza kumaliza utafiti huu;Ba abambere kurangiza ubu bushakashatsi
downloadbutton;Download;Télécharger;Descargar;Pakua;Kuramo
slotmachine_play;Play;Jouer;Tocar;Cheza;Kina
slotmachine_won;"Congratulations, you've won!";"Félicitations, vous avez gagné !";"¡Felicitaciones, has ganado!";"Hongera, umeshinda!";"Turishimye, watsinze!"
slotmachine_lost;"Oops, better luck next time!";"Oups, meilleure chance la prochaine fois !";"¡Vaya, mejor suerte la próxima!";"Lo, bahati nzuri wakati mwingine!";"Oops, amahirwe masa ubutaha!"
mandatory_indicator;;;;;
share;Share results;Partager les résultats;Compartir resultados;Shiriki matokeo;Sangira ibisubizo
passcode_incorrect;Incorrect activation code!;Code d'activation incorrect !;¡Código de activación incorrecto!;Nambari sahihi ya uanzishaji!;Kode yo gukora nabi!
total;Total:;Le total:;Total:;Jumla:;Igiteranyo:
accesscode_placeholder;Please enter your personal access code;Veuillez saisir votre code d'accès personnel;Ingrese su código de acceso personal;Tafadhali ingiza nambari yako ya ufikiaji ya kibinafsi;Nyamuneka andika kode yawe bwite
accesscode_start;Start;Démarrer;Comienzo;Anza;Tangira
accesscode_incorrect;Incorrect personal access code!;Code d'accès personnel incorrect !;¡Código de acceso personal incorrecto!;Incorrect personal access code!;Kode yo kwinjira wenyine!
viewcorrectanswers_back;;;;;
save_and_exit;Save & Exit;Enregistrer et quitter;Guardar la salida;Hifadhi & Toka;Kubika & Gusohoka
not_applicable;I'm not sure/ I prefer not to answer.;Je ne suis pas sûr/Je préfère ne pas répondre.;No estoy seguro / prefiero no contestar.;Sina hakika / napendelea kutokujibu.;Ntabwo nzi neza / Nahisemo kudasubiza.
login_oauth_message;Enter your credentials to access the survey;Entrez vos identifiants pour accéder au sondage;Ingrese sus credenciales para acceder a la encuesta;Ingiza vitambulisho vyako ili ufikie utafiti;Injira ibyangombwa byawe kugirango ubone 
login_oauth_form_username;Username;Nom d'utilisateur;Nombre de usuario;Jina la mtumiaji;Izina ryukoresha
login_oauth_form_password;Password;Mot de passe;Contraseña;Nenosiri;Ijambobanga
login_oauth_button;Login;Connexion;Acceso;Ingia;Injira
login_oauth_fail;"Your credentials are not correct, please try again";"Vos identifiants ne sont pas corrects, veuillez réessayer";"Tus credenciales no son correctas, inténtalo de nuevo.";"Hati zako si sahihi, tafadhali jaribu tena";"Ibyangombwa byawe ntabwo aribyo, nyamuneka gerageza"
status_info;;;;;
viewresults_question;These are the results to the question:;Voici les résultats à la question :;Estos son los resultados de la pregunta:;Haya ndio matokeo ya swali:;Ibi ni ibisubizo kubibazo:
viewresults_loading;Retrieving question results...;Récupération des résultats de la question...;Recuperando resultados de preguntas ...;Inaleta matokeo ya maswali ...;Kubona ibisubizo by'ibibazo ...
viewresults_failed;Failed to retrieve question results.;Échec de la récupération des résultats de la question.;No se pudieron recuperar los resultados de la pregunta.;Imeshindwa kupata matokeo ya maswali.;Kunanirwa kubona ibisubizo byibibazo.
viewresults_button;View results;;Ver resultados;Angalia matokeo;Reba ibisubizo
save_session_fail;Warning! Your response was not saved. This is probably due to a bad internet connection. Ensure that your device is properly connected with the internet and try again.;Avertissement! Votre réponse n'a pas été enregistrée. Cela est probablement dû à une mauvaise connexion Internet. Assurez-vous que votre appareil est correctement connecté à Internet et réessayez.;¡Advertencia! Su respuesta no se guardó. Probablemente se deba a una mala conexión a Internet. Asegúrese de que su dispositivo esté correctamente conectado a Internet y vuelva a intentarlo.;Onyo! Jibu lako halijahifadhiwa. Labda hii ni kwa sababu ya muunganisho mbaya wa mtandao. Hakikisha kuwa kifaa chako kimeunganishwa vizuri na mtandao na ujaribu tena.;Iburira! Igisubizo cyawe nticyakijijwe. Ibi birashoboka ko biterwa na enterineti mbi. Menya neza ko igikoresho cyawe gihujwe neza na interineti hanyuma ugerageze.
file_upload_button;Upload;Télécharger;Subir;Pakia;Kuramo
clear_button;Clear;Dégager;Borrar;Wazi;Biragaragara
signature_upload_button;Confirm;Confirmer;Confirmar;Thibitisha;Emeza
response_limit_onload;The questionnaire is not accessible because the response limit has been exceeded;Le questionnaire n'est pas accessible car la limite de réponse a été dépassée;No se puede acceder al cuestionario porque se superó el límite de respuesta;Hojaji haipatikani kwa sababu kikomo cha majibu kimepitishwa;Ikibazo nticyagerwaho kuko igisubizo ntarengwa cyarenze
response_limit_onsubmit;Your response cannot be saved because the response limit on the questionnaire has been exceeded;Votre réponse ne peut pas être enregistrée car la limite de réponse au questionnaire a été dépassée;Su respuesta no se puede guardar porque se superó el límite de respuestas del cuestionario;Jibu lako haliwezi kuhifadhiwa kwa sababu kikomo cha majibu kwenye dodoso kimepitishwa;Igisubizo cyawe ntigishobora gukizwa kuko igipimo cyibisubizo kubibazo cyarenze
payment_success;The payment was successful;Le paiement a réussi;El pago fue exitoso;Malipo yalifanikiwa;Kwishura byagenze neza
payment_fail;Something went wrong with the payment:;Une erreur s'est produite lors du paiement :;Algo salió mal con el pago:;Hitilafu imetokea wakati wa malipo:;Ikintu kitagenze neza mu kwishyura:
signature_upload_empty;No signature placed;Aucune signature apposée;Sin firma colocada;Hakuna sahihi iliyowekwa;Nta mukono washyizwe
signature_upload_small;Signature is too small;La signature est trop petite;La firma es demasiado pequeña;Saini ni ndogo sana;Umukono ni muto cyane
ranking_col1_header;Drag from here;Faites glisser d'ici;Arrastra desde aquí;Buruta kutoka hapa;Kurura hano
ranking_col2_header;Drop & sort your answers here;Déposez et triez vos réponses ici;Suelta y ordena tus respuestas aquí;Tonea na upange majibu yako hapa;Kureka & gutondekanya 
auto_complete_button;Finish for me;Terminer pour moi;Termina por mi;Nimalizie;Kurangiza
preview_widget;"A widget is presenting data that may be incomplete, because the dataset is using one or more piping variables";"Un widget présente des données qui peuvent être incomplètes, car l'ensemble de données utilise une ou plusieurs variables de tuyauterie";"A widget is presenting data that may be incomplete, because the dataset is using one or more piping variables";"A widget is presenting data that may be incomplete, because the dataset is using one or more piping variables";"A widget is presenting data that may be incomplete, because the dataset is using one or more piping variables"
survey_title;Organizational Culture Map (Goodwill);Carte de la culture organisationnelle (Goodwill);Mapa de Cultura Organizacional (Goodwill);Ramani ya Utamaduni wa Shirika (Goodwill);Ikarita yumuco wubuyobozi (Goodwill)
survey_intro;"Welcome! Let's Get StartedThank you for taking time to fill out this assessment.This tool has been developed to help Goodwill NNEunderstand what their company culture is really like.To do that, we need the perspectives from everyone to help your organization improve and create a more inclusive and equitable work environment. This should take about 20 minutes to complete. For each question, select the response that best reflects how you personally feel about your every day work environment. Responses are 100% confidential, so please answer as honestly as possible. You can select \""prefer not to answer\"" or add specific comments to each question.Final results will be shared with the organizationafter they are aggregated andanalyzed.";"Bienvenue ! Commençons Merci d'avoir pris le temps de remplir cette évaluation. Cet outil a été développé pour aider Goodwill NNE à comprendre à quoi ressemble vraiment sa culture d'entreprise. Pour ce faire, nous avons besoin des points de vue de chacun pour aider votre organisation à s'améliorer et à créer un environnement de travail plus inclusif et équitable. Cela devrait prendre environ 20 minutes. Pour chaque question, sélectionnez la réponse qui reflète le mieux ce que vous pensez personnellement de votre environnement de travail quotidien. Les réponses sont 100% confidentielles, veuillez donc répondre le plus honnêtement possible. Vous pouvez sélectionner \""""préférer ne pas répondre\"""" ou ajouter des commentaires spécifiques à chaque question. Les résultats finaux seront partagés avec l'organisation après avoir été agrégés et analysés.";"¡Bienvenidos! EmpecemosGracias por tomarse el tiempo para completar esta evaluación. Esta herramienta ha sido desarrollada para ayudar a Goodwill NNE a entender cómo es realmente la cultura de su empresa. Para hacer eso, necesitamos las perspectivas de todos para ayudar a su organización a mejorar y crear un entorno de trabajo más inclusivo y equitativo. Esto debería tardar unos 20 minutos en completarse. Para cada pregunta, seleccione la respuesta que mejor refleje cómo se siente personalmente acerca de su entorno de trabajo diario. Las respuestas son 100% confidenciales, así que responda de la manera más honesta posible. Puede seleccionar \ """" prefiere no responder \ """" o agregar comentarios específicos a cada pregunta. Los resultados finales se compartirán con la organización después de que se agreguen y analicen. ";"Karibu! Wacha tuanze Kuwashukuru kwa kuchukua muda wako kujaza tathmini hii. Zana hii imetengenezwa kusaidia Nia njema NN Kuelewa ni nini utamaduni wa kampuni yao ni kweli. Ili kufanya hivyo, tunahitaji mitazamo kutoka kwa kila mtu kusaidia shirika lako kuboresha na kuunda umoja zaidi na mazingira sawa ya kazi. Hii inapaswa kuchukua kama dakika 20 kukamilisha. Kwa kila swali, chagua majibu ambayo yanaonyesha vizuri jinsi wewe binafsi unavyohisi juu ya mazingira yako ya kila siku ya kazi. Majibu ni 100% ya siri, kwa hivyo tafadhali jibu kwa uaminifu iwezekanavyo. Unaweza kuchagua """" usipende kujibu \ """" au uongeze maoni maalum kwa kila swali. Matokeo ya mwisho yatashirikiwa na shirika baada ya kujumlishwa na kuchambuliwa.";"Murakaza neza! Reka dutangire Urakoze gufata umwanya wo kuzuza iri suzuma. Iki gikoresho cyakozwe mu rwego rwo gufasha Goodwill NNGutahura uko umuco wabo w'ikigo umeze. Kugira ngo dukore ibyo, dukeneye ibitekerezo bya buri wese kugirango dufashe umuryango wawe gutera imbere no guhanga ibikorwa byinshi kandi byuzuye. Ibi bigomba gufata iminota 20 kugirango birangire. Kuri buri kibazo, hitamo igisubizo kigaragaza neza uko wowe ubwawe wiyumvamo akazi kawe ka buri munsi. Ibisubizo ni ibanga 100%, nyamuneka usubize ubunyangamugayo bushoboka. Urashobora guhitamo \ """" hitamo kudasubiza \ """" cyangwa ukongeramo ibitekerezo byihariye kuri buri kibazo. Ibisubizo byanyuma bizasangirwa nishirahamwe nyuma yo guteranyirizwa hamwe no gusesengura."
survey_outro;"Thank You Thanks for taking our assessment. The Culture Map is the first step to transforming your organization and your participation is greatly appreciated!";"Je Vous Remercie Merci d'avoir pris part à  notre évaluation. La carte de la culture est la première étape de la transformation de votre organisation et votre participation est appréciée!";"Gracias Gracias por realizar nuestra evaluación. El Mapa Cultural es el primer paso para transformar su organización y se agradece su participación.";"Asante Asante kwa kuchukua tathmini yetu. Ramani ya Utamaduni ni hatua ya kwanza ya kubadilisha shirika lako na ushirika wako unathaminiwa!";"Murakoze Urakoze gufata isuzuma ryacu. Ikarita yumuco nintambwe yambere yo guhindura umuryango wawe kandi uruhare rwawe rurashimirwa!"
additional_outro;;;;;
mandatory_field_msg;The following fields are mandatory:;Les champs suivants sont obligatoires :;Los siguientes campos son obligatorios:;Sehemu zifuatazo ni lazima:;Imirima ikurikira ni itegeko:
mandatory_question_msg;Please answer the question to move on.;Veuillez répondre à la question pour continuer.;Por favor responda la pregunta para continuar.;Tafadhali jibu swali ili kuendelea.;Nyamuneka subiza ikibazo kugirango ukomeze.
QB1_title;Workplace Atmosphere;Ambiance de travail;Lugar de trabajo y ambiente;Mahali pa kazi na anga;Ahantu ho gukorera & Ikirere
QB2_title;Inclusion & Connection;Inclusion et connexion;Inclusión y conexión;Kujumuishwa & Uunganisho;Kwinjiza & Kwihuza
QB3_title;Direction & Purpose;Direction et objectif;Dirección y propósito;Mwelekeo na Kusudi;Icyerekezo & Intego
QB4_title;Growth & Change;Croissance et changement;Crecimiento y cambio;Ukuaji na Mabadiliko;Gukura & Guhinduka
QB5_title;Autonomy & Agency;Autonomie & Agence;Autonomía y Agencia;Uhuru na Wakala;Kwigenga & Ikigo
QB6_title;Order & Process;Commande et processus;Orden y proceso;Agizo na Mchakato;Tegeka & Gutunganya
QB7_title;Wrap Up;Emballer;terminar;Maliza;Wuzuze
Q1_text;"For the next questions, think about your workplace atmosphere.What is it like on a daily basis in your personal experience?(Scroll to complete all 10 factors):";"Pour les prochaines questions, pensez à l'ambiance de votre lieu de travail.  En quoi ressemble le   quotidien dans votre expérience personnelle? (Faites défiler pour compléter les 10 facteurs):";"Para las siguientes preguntas, piense en la atmósfera de su lugar de trabajo. ¿Cómo es el día a día en tu experiencia personal? (Desplace la pantalla para completar los 10 factores):";"Kwa maswali yanayofuata, fikiria juu ya mazingira ya mahali pa kazi mwako. Je! Ikoje kila siku katika uzoefu wako wa kibinafsi? (Tembeza kukamilisha mambo yote 10):";"Kubibazo bikurikira, tekereza ku kazi kawe. Bimeze bite burimunsi muburambe bwawe bwite? (subiza ibibazo 10 bikurikira)"
Q2_text;Wellbeing;Bien-être ;Bienestar;Ustawi;Imibereho myiza 
Q2_low_end_label;very stressful;Très stressant;Muy estresante;Inasumbua sana;Birahangayikishije cyane
Q2_high_end_label;not at all stressful;Pas du tout stressant;Nada estresante;Sio shida kabisa;Ntabwo ari impungenge rwose
Q3_text;Community;Communauté ;Comunidad;Jumuiya;Umuganda
Q3_low_end_label;It's hard to connect;Il est difficile de se connecter;Es difícil conectarse;Ni ngumu kuunganisha;Biragoye guhuza
Q3_high_end_label;Everyone fits in;Tout le monde s'intègre;Todo el mundo encaja;Kila mtu anafaa;Umuntu wese arahuye
Q4_text;Guidance;Conseils;Orientación;Mwongozo;Ubuyobozi 
Q4_low_end_label;no support;Aucun support;Sin apoyo;Hakuna msaada;Nta bufasha uhabwa
Q4_high_end_label;a lot of support;Beaucoup de soutien;Mucho apoyo;Kuko msaada mwingi`;Inkunga nyinshi
Q5_text;Vision;Vision ;Visión ;Maono;Icyerekezo
Q5_low_end_label;no clear vision;Pas de vision claire;Sin visión clara;Hakuna maono wazi;Nta cyerekezo gisobanutse
Q5_high_end_label;very clear vision;Vision très claire;Visión muy clara;Maono wazi kabisa;Icyerekezo gisobanutse neza
Q6_text;Innovation;Innovation;Innovación;Ubunifu ;Ubuhanzi 
Q6_low_end_label;no innovation;Aucune innovation;Sin innovación;Hakuna uvumbuzi;ntadushya
Q6_high_end_label;very innovative;Très innovant;Muy innovador;Ubunifu sana;haba guhanga udushya twinshi
Q7_text;Flexibility;Flexibilité;Flexibilidad ;Raisi kubadilika ;kworoshya
Q7_low_end_label;very rigid & inflexible;Très rigide et inflexible;Muy rígido e inflexible;ngumu sana na isiyobadilika;Birakomeye kandi ntibyoroshye
Q7_high_end_label;very flexible;Très flexible;Muy flexible;Raisi sana kubadilika;Biroroshye
Q8_text;Control;Contrôle;Control;Udhibiti ;Igenzura 
Q8_low_end_label;Extreme hierarchy;Hiérarchie extrême;Jerarquía extrema;Utawala uliokithiri;Inzego zikabije
Q8_high_end_label;Shared leadership;Leadership partagé;Liderazgo compartido;Uongozi wa Pamoja;Ubuyobozi Bumwe
Q9_text;Conflict;Conflit ;Conflicto ;Mapambano;Amakimbirane
Q9_low_end_label;conflict avoidant;Évitant les conflits;Evita conflictos;Kuzuia migogoro;Kwirinda amakimbirane
Q9_high_end_label;conflict is addressed openly;Le conflit est abordé ouvertement;El conflicto se plática abiertamente;Migogoro hushughulikiwa wazi;Amakimbirane akemurwa kumugaragaro
Q10_text;Structure;Structure;Estructura;Mufumo;Imiterere
Q10_low_end_label;disorganized and chaotic;Désorganisé et chaotique;Desorganizado y caótico;Haina mpangilio na iko na vurugu ;Gahunda idahwitse kandi irimo akajagari
Q10_high_end_label;organized and clear;Organisé et clair;Organizado y claro;Iko na mupangio na iko wazi ;Byateguwe kandi bisobanutse
Q11_text;Transparency;Transparence;Transparencia ;Uwazi;Gukorera mu mucyo 
Q11_low_end_label;not transparent;Pas transparent;No transparente;Sio ya uwazi;Ntabwo bishyirwa ahagaragara
Q11_high_end_label;very transparent;Très transparent;Muy transparente;Uwazi sana;Biragaragara cyane
Q12_text;Does your direct supervisor/manager care about your wellbeing?;Votre superviseur/ manager direct se soucie-t-il de votre bien-être et de votre satisfaction?;¿Su supervisor / gerente directo se preocupa por su bienestar y satisfacción?;Je! Msimamizi wako / Kiongozi  wako wa moja kwa moja anajali ustawi wako na kuridhika kwako?;Ese umuyobozi wawe ubona yita  kumibereho yawe no kunyurwa?
Q12_low_end_label;Not at all;pas du tout;Para nada;Hata kidogo;oya rwose
Q12_high_end_label;A great deal;beaucoup;mucho;Sana;cyane
Q12_free_text_label;(OPTIONAL) Say More...;(FACULTATIF) En dire plus...;(OPCIONAL) Diga más ...;(SI hiari) Sema Zaidi;(BIKURIKIRA) Vuga byinshi
Q13_text;"If you had a problem with how someone treated you, would you feel safe to reach out to someone in your organization to ask for help?";"Si vous aviez un problème de la manière  dont quelqu'un vous traitait, vous sentiriez-vous en sécurité pour contacter plus d'une personne de votre équipe pour demander de l'aide?";"Si tuviera un problema con la forma en que alguien lo trató, ¿se sentiría seguro de comunicarse con más de una persona de su equipo para pedir ayuda?";"Ikiwa ungekuwa na shida na jinsi mtu alikutendea, ungejisikia salama kuwasiliana na zaidi ya mtu mmoja kwenye timu yako kuomba msaada?";"Niba ufite ikibazo cyukuntu umuntu yagufashe, wakumva ufite umutekano wo kwegera abantu barenze umwe mw’itsinda  ryawe kugirango baguhe ubufasha?"
Q13_free_text_label;(OPTIONAL) Say More...;(FACULTATIF) En dire plus...;(OPCIONAL) Diga más ...;(SI hiari) Sema Zaidi;(BIKURIKIRA) Vuga byinshi
Q13A1_text;There is no one I could ask for help from in my organization.;Il n'y a personne à qui je pourrais demander de l'aide dans mon équipe.;No hay nadie de mi equipo a quien pueda pedirle ayuda.;Hakuna mtu ambaye ningeweza kuomba msaada kutoka kwa timu yangu.;Ntamuntu numwe wasaba ubufasha mu murwi wanjye.
Q13A2_text;"I can think of some peers, but no managers that I would ask for help.";"Je peux penser à certains collègues , mais pas à des gestionnaires.";"Puedo pensar en algunos compañeros, pero no en gerentes.";"Ninaweza kufikiria wenzao, lakini apana viongozi. ";"Ndashobora gutekereza kuri bamwe muba kolege, ariko ntabayobozi."
Q13A3_text;There is at least one manager or supervisor I could ask for help from.;Il y a au moins un gestionnaire ou superviseur auquel je pourrais demander de l'aide.;Hay al menos un gerente o supervisor al que podría pedirle ayuda.;Kuna angalau Kiongozi  au msimamizi mmoja ambaye ningeweza kuomba msaada kutoka kwake.;Hano hari byibuze umuyobozi umwe cyangwa umugenzuzi nshobora gusaba ubufasha.
Q13A4_text;"There are many people, both peers and managers, that I could ask for help from.";Je pourrais demander de l'aide à de nombreuses personnes.;Hay muchas personas a las que podría pedir ayuda.;Kuna watu wengi ambao ningeweza kuomba msaada kutoka kwao.;Hariho abantu benshi nshobora gusaba ubufasha.
Q14_text;"Does your company celebrate and acknowledge employee's cultural differences and needs? Consider religious holidays, dress, food restrictions, customs, or access to services.";"Votre entreprise célèbre-t-elle et reconnaît-elle les différences culturelles des employés? En considération  des  fêtes religieuses, à la tenue vestimentaire, aux restrictions alimentaires, aux coutumes ou à l'accès aux services.";"¿Su empresa celebra y reconoce las diferencias culturales de los empleados? Considera las festividades religiosas, la vestimenta, las restricciones alimentarias, las costumbres o el acceso a servicios.";"Je! Shirika  lako lina adhimisha  na lina kubali  tofauti za kitamaduni za mfanyakazi? Shirika linazingatia  likizo ya kidini, mavazi, vizuizi vya chakula, mila, au ufikiaji wa huduma.";"Isosiyete yawe yishimira kandi ikemera itandukaniro ry’umuco ry’abakozi? Tekereza iminsi mikuru y'idini, imyambarire, kubuza ibiryo, imigenzo, cyangwa kubona serivisi."
Q14_low_end_label;Not at all;Pas du tout;Para nada;Hata kidogo;oya rwose
Q14_high_end_label;All the time;Toujours;todo el tiempo;Daima;Buri gihe
Q14_free_text_label;(OPTIONAL) Say More...;(FACULTATIF) En dire plus...;(OPCIONAL) Diga más ...;(SI hiari) Sema Zaidi;(BIKURIKIRA) Vuga byinshi
Q15_text;I feel my whole identity is accepted and valued by the organization.;Je sens que toute mon identité est acceptée et valorisée par l'organisation.;Siento que toda mi identidad es aceptada y valorada por la organización.;Ninahisi utambulisho wangu wote unakubaliwa na kuthaminiwa na shirika.;Ndumva umwirondoro wanjye wose wemewe kandi uhabwa agaciro numuryango.
Q15_free_text_label;(OPTIONAL) Say More...;(FACULTATIF) En dire plus...;(OPCIONAL) Diga más ...;(SI hiari) Sema Zaidi;(BIKURIKIRA) Vuga byinshi
Q15A1_text;Not at all. I have to hide many parts of who I am to be accepted.;Pas du tout. Je dois cacher beaucoup de ma personnalité  pour être accepté.;Para nada. Tengo que ocultar muchas partes de quien soy para ser aceptada/o;Hata kidogo. Lazima nifiche sehemu nyingi za mimi ni nani kukubalika.;oya rwose. Ngomba guhisha ibice byinshi byuwo ngomba kwemerwa.
Q15A2_text;"There are parts of my identity that are ok, but other parts that I feel like I can't reveal.";"Il y a des parties de mon identité qui sont correctes, mais d'autres parties que j'ai l'impression de ne pas pouvoir révéler.";"Hay partes de mi identidad que están bien revelar, pero otras partes que siento que no puedo.";"Kuna sehemu za kitambulisho changu ambazo ni sawa, lakini sehemu zingine ambazo ninahisi kama siwezi kufunua.";"Bicye mubindanga nshobora kubihishura, ariko ibindi bice numva ntashobora guhishura."
Q15A3_text;"I can be myself with my direct supervisor and team, but not in the company as a whole.";"Je peux être moi-même avec mon superviseur direct et mon équipe, mais pas dans l'entreprise dans son ensemble.";"Puedo ser yo mismo con mi supervisor directo y mi equipo, pero no en la empresa en su totalidad.";"Ninaweza kuwa mwenyewe na kiongozi  wangu wa moja kwa moja na timu yangu, lakini sio katika kampuni kwa ujumla.";"Nshobora kuba uwo ndiwe hamwe nunyobora hamwe nitsinda ryanjye, ariko atari muri sosiyete muri rusange."
Q15A4_text;I can be myself at all times in the workplace.;Je peux être moi-même à tout moment sur le lieu de travail.;Puedo ser yo mismo en todo momento en el lugar de trabajo.;Ninaweza kuwa mwenyewe wakati wote mahali pa kazi.;Nshobora kuba uwo ndiwe igihe cyose mukazi.
Q15A5_text;none of the above.;Aucune de ces réponses.;Ninguna de las anteriores;Hakuna jibu hata moja hapo juu.;Nta na kimwe muri ibyo byose.
Q16_text;"In this company, how often are peoplerejected or ostracized for being different?";"Dans cette entreprise, à quelle fréquence les gens sont-ils rejetés ou mis en retrait  parce qu'ils sont différents?";"En esta empresa, ¿con qué frecuencia las personas son rechazadas o condenadas al ostracismo por ser diferentes?";"Katika shirika  hii, ni mara ngapi watu hukataliwa au  hutengwa kwa kuwa tofauti?";"Muri iyi sosiyete, ni kangahe abantu bangwa cyangwa bagahabwa akato kubera gutandukana n’abandi?"
Q16_low_end_label;very often;Très souvent;Muy a menudo;Mara nyingi sana;Kenshi cyane
Q16_high_end_label;never;Jamais;Nunca;Kamwe;Nta na rimwe
Q16_free_text_label;(OPTIONAL) Give examples...;;(OPCIONAL) Dar ejemplos;(SI hiari) Toa mifano ...;(BIKURIKIRA) Tanga ingero …
Q17_text;"How would you describe employees' awareness of the company's mission, values, and vision?";"Comment décririez-vous la conscience que les employés ont de la mission, des valeurs et de la vision de l'entreprise?";"¿Cómo describiría la conciencia de los empleados sobre la misión, los valores y la visión de la empresa?";"Je! Unaweza kuelezeaje ufahamu wa wafanyakazi juu ya dhamira ya kampuni, maadili, na maono?";"Nigute wasobanura uburyo abakozi bamenya umugambi bwikigo, indangagaciro, n’icyerekezo?"
Q17_free_text_label;(OPTIONAL) Say More...;(FACULTATIF) En dire plus...;(OPCIONAL) Diga más ...;(SI hiari) Sema Zaidi;(BIKURIKIRA) Vuga byinshi
Q17A1_text;We don't have clear organizational mission and values.;Nous n'avons pas de mission et de valeurs organisationnelles claires.;No tenemos una misión y valores organizacionales claros.;Hatuna dhamira na maadili wazi ya shirika.;Ntabwo dufite inshingano zisobanutse zindangagaciro.
Q17A2_text;"They exist, but the average employee probably couldn't define them.";"Ils existent, mais le simple employé  ne pourrait probablement pas les définir.";"Existen, pero el empleado promedio probablemente no podría definirlos.";"Zipo, lakini mfanyakazi wa kawaida labda hangeweza kuzifafanua.";"Barahari, ariko abakozi basanzwe birashoboka ko badashobora kubisobanura."
Q17A3_text;"Our managers are aware of the mission and values, but most employees aren't.";"Nos managers sont conscients de la mission et des valeurs, mais la plupart des employés ne le sont pas.";"Nuestros gerentes conocen la misión y los valores, pero la mayoría de los empleados no.";"Viongozi wetu wanajua dhamira na maadili, lakini wafanyikazi wengi hawazijui.";"Abayobozi bacu bazi ubutumwa n'indangagaciro, ariko abakozi benshi ntabwo babizi."
Q17A4_text;"Our entire staff could tell you what they are, but we don't always practice them.";"Tout notre personnel pourrait vous dire ce qu'ils sont, mais nous ne les pratiquons pas toujours.";"Todo nuestro personal podría decirte cuáles son, pero no siempre los practicamos.";"Wafanyikazi wetu wote wangeweza kukuambia ayo, lakini huwa hatuwayafuatishe kila wakati.";"Abakozi bacu bose barashobora kukubwira icyo aricyo, ariko ntabwo buri gihe tubitoza."
Q17A5_text;"They are a fundamental part of our daily work. We incorporate them into meetings, policies, and practice.";"Ils font partie intégrante de notre travail quotidien. Nous les intégrons dans les réunions, les politiques et la pratique.";"Son parte fundamental de nuestro trabajo diario. Los incorporamos en reuniones, políticas y prácticas.";"Hizo huwa msingi ya kazi yetu ya kila siku. Tunazingiza kwenye mitan, sera, na vitendo.";"Nibice byingenzi mubikorwa byacu bya buri munsi. Turabashyira mu nama, politiki, no mu myitozo."
Q17A6_text;none of the above;Aucune de ces réponses.;Ninguna de las anteriores.;Hakuna hata moja hapo juu.;Nta na kimwe muri ibyo byavuzwe haruguru.
Q18_text;How well does the organization live itsvalues? Do you believe these values are practiced by employees?;Dans quelle mesure l'organisation vit-elle ses valeurs? Pensez-vous que ces valeurs sont pratiquées par les employés?;¿Qué tan bien vive la organización sus valores? ¿Cree que estos valores los practican los empleados?;Je! Shirika linaishije maadili yake? Je! Unaamini maadili haya yanatekelezwa na wafanyikazi?;Ni mu buhe buryo umuryango ubaho indangagaciro? Wizera ko indangagaciro zikoreshwa n'abakozi
Q18_low_end_label;Not at all;pas du tout;Para nada;Hata kidogo;ntabwo aribyo rwose
Q18_high_end_label;Definitely;absolument;definitivamente;vizuri sana;neza cyane
Q18_free_text_label;(OPTIONAL) Say More...;(FACULTATIF) En dire plus...;(OPCIONAL) Diga más ...;(SI hiari) Sema Zaidi;(BIKURIKIRA) Vuga byinshi
Q19_text;My work is meaningful and important to the organization. I directly contribute to our success.;Mon travail est significatif et important pour l'organisation. Je contribue directement à notre succès;;Kazi yangu ni ya maana na muhimu kwa shirika. Nasaidia moja kwa moja mafanikio yetu;Akazi kanjye karasobanutse kandi ni ingenzi mw’itsinda. Ntanga umusanzu kw’itsinzi ryacu
Q19_low_end_label;Not at all;pas du tout;Para nada;Hata kidogo;ntabwo aribyo rwose
Q19_high_end_label;Extremely;extrêmement bien;Extremadamente;kabisa;neza cyane
Q19_free_text_label;(OPTIONAL) Say More...;(FACULTATIF) En dire plus...;(OPCIONAL) Diga más ...;(SI hiari) Sema Zaidi;(BIKURIKIRA) Vuga byinshi
Q20_text;Employees actively help each other understand their special areas of expertise.;Les employés s'entraident activement pour comprendre leurs domaines d'expertise particuliers.;Empleados se ayudan entre sí a indicar sus habilidades.;Wafanyakazi husaidiana kikamilifu kuelewa maeneo yao maalum ya utaalam.;Abakozi barafashanya cyane gusobanukirwa ubumenyi bwabo bwihariye.
Q20_low_end_label;never;Jamais;Nunca;Kamwe;Nta na rimwe
Q20_high_end_label;always;Toujours;Siempre;Daima;Buri gihe
Q20_free_text_label;(OPTIONAL) Say More...;(FACULTATIF) En dire plus...;(OPCIONAL) Diga más ...;(SI hiari) Sema Zaidi;(BIKURIKIRA) Vuga byinshi
Q21_text;I feel like my perspectives and opinions are valued by [check all that apply];J'ai l'impression que mes points de vue et opinions sont appréciés par [cochez tout ce qui s'applique];Siento que mis perspectivas y opiniones son valoradas por [marque todas las opciones que correspondan];Ninahisi kama mitazamo na maoni yangu yanathaminiwa na [angalia yote yanayotumika];Ndumva ibitekerezo byanjye n'ibitekerezo bihabwa agaciro na [reba ibikurikizwa byose]
Q21_free_text_label;(OPTIONAL) Say More...;(FACULTATIF) En dire plus...;(OPCIONAL) Diga más ...;(SI hiari) Sema Zaidi;(BIKURIKIRA) Vuga byinshi
Q21A1_text;my direct supervisor;Mon superviseur direct;Mi supervisor directo;Msimamizi wangu wa moja kwa moja;Umuyobozi wanjye wahafi
Q21A2_text;my peers and team members;Mes collegues et membres de l'équipe;Mis compañeros y miembros del equipo;Wenzangu na washiriki wa timu;Urungano rwanjye hamwe nabagize itsinda
Q21A3_text;those reporting to me;Ceux qui relèvent de moi;Los que se reportan a mí.;Wale wanaoniripoti;Abampa raporo
Q21A4_text;the organization as a whole;L'organisation dans son ensemble;La organización en su totalidad;Shirika kwa ujumla;Ishyirahamwe muri rusange
Q21A5_text;senior-level management;Direction de haut niveau;Gerentes de alto nivel;Usimamizi wa kiwango cha juu;Ubuyobozi bwo mu rwego rwo hejuru
Q21A6_text;none of the above;Aucune de ces réponses;Ninguna de las anteriores;Hakuna jibu hata moja hapo juu.;Nta na kimwe hejuru
Q22_text;In what waysdoes your company support the professional development and growthof their employees?[check all that apply];"De quelle manière votre entreprise soutient-elle le développement professionnel de ses employés? [Cochez toutes les cases]";"¿De qué forma su empresa apoya el desarrollo profesional de sus empleados? [marque todo lo que corresponda]";"Ni kwa njia gani shiirika yako inasaidia maendeleo ya kitaalam ya wafanyikazi wao? [angalia yote yanayotumika]";"Ni mu buhe buryo isosiyete yawe ishyigikira iterambere ry'umwuga ry'abakozi babo? [usige akamenyetso ahakwiye hose]"
Q22_free_text_label;(OPTIONAL) Say More...;(FACULTATIF) En dire plus...;(OPCIONAL) Diga más ...;(SI hiari) Sema Zaidi;(BIKURIKIRA) Vuga byinshi
Q22A1_text;We don't have any professional development opportunities.;Nous n'avons aucune opportunité de développement professionnel.;No tenemos oportunidades de desarrollo profesional.;Hatuna fursa yoyote ya maendeleo ya kitaalam.;Ntabwo dufite amahirwe yo kwiteza imbere.
Q22A2_text;Any type of professional development is viewed as a threat to manager's position/power and is actively discouraged.;Le développement est considéré comme une menace pour la position / le pouvoir du manager et est activement découragé.;El desarrollo se considera una amenaza para la posición o el poder del gerente y se desalienta activamente.;Maendeleo yanaonekana kama tishio kwa msimamo/nguvu ya kiyongozi na imekatashwa tamaa kabisa.;Iterambere rifatwa nabi n’abayobozi kandi ubutegetsi bukomeza gusenywa.
Q22A3_text;"There is a vague commitment to professional development, but it rarely helps employees in actual promotion or opportunity.";"Il y a un engagement vague envers le développement professionnel, mais il aide rarement les employés dans la promotion ou l'opportunité réelle.";"Existe un compromiso vago con el desarrollo profesional, pero rara vez se ayuda a los empleados en la promoción u oportunidad real.";"Kuna kujitolea wazi kwa maendeleo ya kitaalam, lakini mara chache husaidia wafanyikazi katika kukuza au fursa halisi.";"Hariho ubushake budasobanutse bwiterambere ryumwuga, ariko ntibikunze gufasha abakozi mukuzamuka muri sosiyete cyangwa kubona amahirwe yo kwiteza imbere."
Q22A4_text;Managers take an active role in the growth of their team members.;Les managers assument la responsabilité de soutenir la croissance des membres de leur équipe et d'encourager leur développement.;Los gerentes asumen la responsabilidad de apoyar el crecimiento de los miembros de su equipo y anima su desarrollo.;Wasimamizi huchukua jukumu la kusaidia ukuaji wa washiriki wa timu yao na kuhimiza maendeleo yao.;Abayobozi bafata inshingano zo gushyigikira iterambere ryabagize itsinda ryabo no kubatera inkunga.
Q22A5_text;There are active mentorship opportunities available to help with promotion and growth.;Il existe des programmes de mentorat actif pour aider à la promotion et à la croissance.;Hay programas de mentores activos disponibles para ayudar con la promoción y el crecimiento.;Kuna mipango ya ushauri inayotumika kusaidia kukuza na ukuaji.;Hariho gahunda zikora neza zihari zifasha mukuzamura no gutera imbere.
Q22A6_text;Employees can enroll in courses through the company.;Les employés peuvent s'inscrire à des cours dans l'entreprise.;Los empleados pueden inscribirse en cursos a través de la empresa.;Wafanyakazi wanaweza kujiandikisha katika kozi kupitia shirika.;Abakozi barashobora kwiyandikisha mumasomo binyuze muri sosiyete.
Q22A7_text;Employees can sign up for certifications or courses outsides of the company that are paid for.;Les employés peuvent s'inscrire à des cours en dehors de l'entreprise qui sont payés.;Los empleados pueden inscribirse en cursos fuera de la empresa por los que se paga.;Wafanyakazi wanaweza kujisajili kwa kozi za nje ya shirika ambazo zinalipwa.;Abakozi barashobora kwiyandikisha mumasomo yo hanze yikigo bahembwa
Q22A8_text;none of the above;Aucune de ces réponses.;Ninguna de las anteriores.;Hakuna jibu hata moja hapo juu.;Nta na kimwe hejuru
Q23_text;In what ways have you seen the organization change since you have been an employee [check all that apply]:;De quelle manière avez-vous vu l'organisation changer depuis que vous êtes employé [cochez tout ce qui s'applique]:;¿De qué manera ha visto cambiar la organización desde que es empleado [marque todas las opciones que correspondan]:;Ni kwa njia gani umeona shirika likibadilika tangu umekuwa mfanyakazi [angalia yote yanayotumika]:;Ni mu buhe buryo wabonye ishyirahamwe rihinduka kuva aho wabereye umukozi [reba ibisabwa byose]:
Q23_free_text_label;(OPTIONAL) Say More...;(FACULTATIF) En dire plus...;(OPCIONAL) Diga más ...;(SI hiari) Sema Zaidi;(BIKURIKIRA) Vuga byinshi
Q23A1_text;I don't think the company has made any significant changes.;Je ne pense pas que l'entreprise ait apporté des changements importants.;No creo que la empresa haya realizado cambios significativos.;Sidhani kama shirika imefanya mabadiliko muhimu yoyote.;Ntabwo ntekereza ko sosiyete ntacyo yahinduye.
Q23A2_text;New policies have been implemented and enforced organization-wide.;De nouvelles politiques ont été mises en œuvre et appliquées à l'échelle de l'organisation.;Se han implementado y aplicado nuevas políticas en toda la organización.;Sera mpya zimetekelezwa na kutekelezwa kwa shirika kote.;Amategeko mashya yashyizwe mu bikorwa kandi ashyirwa mu bikorwa mw’ishyirahamwe ryose.
Q23A3_text;The company has changed its public message and image.;L'entreprise a changé son message public et son image.;La empresa ha cambiado su imagen y mensaje público.;Shirika imebadilisha ujumbe na sula yake kwa umma.;Sosiyete yahinduye ubutumwa rusange nishusho.
Q23A4_text;I have seen substantial changes in managers' behavior and actions.;J'ai vu des changements substantiels dans le comportement et les actions des responsables.;He visto cambios sustanciales en el comportamiento y las acciones de los gerentes.;Nimeona mabadiliko makubwa katika tabia na matendo ya viongozi wa kuu. ;Nabonye impinduka zikomeye mumyitwarire n'ibikorwa by'abayobozi.
Q23A5_text;My small team or department has changed our procedures and policies internally.;Ma petite équipe ou mon service a modifié nos procédures et politiques en interne.;Mi pequeño equipo o departamento ha cambiado nuestros procedimientos y políticas internamente.;Timu yangu ndogo au idara imebadilisha taratibu na sera zetu ndani.;Itsinda ryanjye rito cyangwa ishami ryahinduye imikorere n’amategeko.
Q23A6_text;Change is part of the company culture. We are always looking for ways to grow and improve at every level.;Le changement fait partie de la culture d'entreprise. Nous recherchons toujours des moyens de grandir et de nous améliorer à tous les niveaux.;El cambio es parte de la cultura de la empresa. Siempre estamos buscando formas de crecer y mejorar en todos los niveles.;Mabadiliko iko mu utamaduni wa shirika. Daima tunatafuta njia za kukua na kuboresha katika kila ngazi.;Guhinduka ni kimwe mu bigize umuco wa sosiyete. Buri gihe dushakisha inzira zo gukura no gutera imbere murwego rwose.
Q24_text;"When someone makes a mistake in my team, it is often held against them.";"Quand quelqu'un fait une erreur dans mon équipe, cela lui est souvent reproché.";"Cuando alguien comete un error en mi equipo, a menudo se les reprocha.";"Mtu anapokosea katika timu yangu, mara nyingi hufanyika dhidi yao.";"Iyo umuntu akoze amakosa mw’ishami ryanjye, akenshi  arahanwa."
Q24_low_end_label;always;Toujours;Siempre;Daima;Buri gihe
Q24_high_end_label;never;Jamais;Nunca;kamwe;Nta na rimwe
Q24_free_text_label;(OPTIONAL) Say More...;(FACULTATIF) En dire plus...;(OPCIONAL) Diga más ...;(SI hiari) Sema Zaidi;(BIKURIKIRA) Vuga byinshi
Q25_text;"When it comes to questions about diversity, equity, and inclusion,do you think people areable to admit that they don't know something and ask questions?";"Quand il s'agit de questions sur la diversité, l'équité et l'inclusion, pensez-vous que les gens sont capables d'admettre qu'ils ne savent pas quelque chose et de poser des questions?";"Cuando se trata de preguntas sobre diversidad, equidad e inclusión, ¿cree que las personas pueden admitir que no saben algo y hacer preguntas?";"Linapokuja maswali juu ya utofauti, usawa, na ujumuishaji, je! Unafikiri watu wanaweza kukubali kwamba hawajui kitu na wanauliza maswali?";"Ku bijyanye n'ibibazo bijyanye n'amoko, uburinganire, no kwishyira hamwe, utekereza ko abantu bashora kubaza icyo batazi? "
Q25_free_text_label;(OPTIONAL) Say More...;(FACULTATIF) En dire plus...;(OPCIONAL) Diga más ...;(SI hiari) Sema Zaidi;(BIKURIKIRA) Vuga byinshi
Q25A1_text;"Not at all, there is a lot of judgment and criticism for acknowledging ignorance or mistakes.";"Pas du tout, il y a beaucoup de jugement et de critiques pour reconnaître l'ignorance ou les erreurs.";"Para nada, hay mucho juicio y crítica por reconocer ignorancia o errores.";"Sio kabisa, kuna hukumu nyingi na ukosoaji kwa kukiri ujinga au makosa.";"Ntabwo aribyo rwose, hariho guca imanza no kunengwa biturutse kurwanya ubujiji n’amafuti."
Q25A2_text;"I personally try to model this, but many others in my organization seem afraid or unwilling to.";"J'essaie personnellement de modéliser cela, mais de nombreux autres membres de mon organisation semblent avoir peur ou ne pas vouloir.";"Yo personalmente trato de modelar esto, pero muchos otros en mi organización parecen tener miedo o no quieren hacerlo.";"Mimi binafsi hujaribu kuonyesha mfano huu, lakini wengine wengi katika shirika langu wanaonekana kuogopa au kutotaka.";"Njye kubwanjye ndagerageza kubigana, ariko abandi benshi mumuryango wanjye basa nkabatinya cyangwa nka batabishaka."
Q25A3_text;"Some people in the organization seem willing to model this, but it still is not the majority.";"Certaines personnes au sein de l'organisation semblent disposées à donner l'exemple, mais ce n'est toujours pas la majorité.";"Algunas personas en la organización parecen estar dispuestas a modelar esto, pero aún no es la mayoría.";"Watu wengine katika shirika wanaonekana kuwa tayari kuonyesha mfano huu, lakini bado sio wengi.";"Abantu bamwe mumuryango basa nkabashaka kwerekana urugero, ariko biracyari benshi."
Q25A4_text;"We are trying to build a culture around this, but people are still hesitant to open up.";"Nous essayons de construire une culture autour de cela, mais les gens hésitent encore à s'ouvrir.";"Estamos tratando de construir una cultura entorno a esto, pero la gente todavía duda en abrirse.";"Tunajaribu kujenga utamaduni karibu na hii, lakini watu bado wanasita kufungua.";"Turimo kugerageza kubaka umuco kuri icyi kiganiro, ariko abantu baracyafite ubwoba bwo kwifungura."
Q25A5_text;"Absolutely, I see this modeled by supervisors and the vast majority of employees.";"Absolument, je vois cela être pris comme modèle par les superviseurs et la grande majorité des employés.";"Absolutamente, veo esto modelado por los supervisores y la gran mayoría de los empleados.";"Kwa kweli, naona hii inaonyeshwa na wasimamizi na idadi kubwa ya wafanyikazi.";"Nukuri, ndabona ibi bigororwa n’abagenzuzi hamwe nabakozi benshi."
Q26_text;"How does the organization respond to large scale mistakes, scandals, or problems? [check all that apply]";"Comment l'organisation réagit-elle aux erreurs, scandales ou problèmes à grande échelle? [Cochez toutes les cases]";"¿Cómo responde la organización a errores, escándalos o problemas a gran escala? [marque todo lo que corresponda]";"Je! Shirika linajibuje makosa makubwa, kashfa, au shida? [angalia yote yanayotumika]";"Nigute ishyirahamwe ricyemura  amakosa , ibisebo , cyangwa ibibazo? [reba ibisabwa byose]"
Q26_free_text_label;(OPTIONAL) Say More...;(FACULTATIF) En dire plus...;(OPCIONAL) Diga más ...;(SI hiari) Sema Zaidi;(BIKURIKIRA) Vuga byinshi
Q26A1_text;"The department or individual involved is blamed, then panics and scrambles to respond to the challenge.";"Le département ou l'individu impliqué est blâmé, puis panique et se démène pour relever le défi.";"Se culpa al departamento o individuo involucrado, luego entra en pánico y se apresura a responder al desafío.";"Idara au mtu anayehusika analaumiwa, kisha hofu na mikwaruzo kujibu changamoto hiyo.";"Ishami cyangwa umuntu ku giti cye wabigizemo uruhare, arashinjwa noneho akagira ubwoba maze akihutira kurwanya ikibazo."
Q26A2_text;"We avoid talking about it, and leadership pretends the situation doesn't exist.";Nous évitons d'en parler et la direction  prétend que la situation n'existe pas.;Evitamos hablar de ello y el liderazgo finge que la situación no existe.;"Tunaepuka kuizungumzia, na uongozi unajifanya hali hiyo haipo.";"Twirinda  kubiganiraho, kandi ubuyobozi bugakora nkaho ntacyabaye. "
Q26A3_text;Managers do not discuss company challenges with employees.;Les gestionnaires ne discutent pas des défis de l'entreprise avec les employés;Los gerentes no discuten los desafíos de la empresa con los empleados.;Wasimamizi hawajadili changamoto za kampuni na wafanyikazi.;Abayobozi ntibaganira nabakozi ibibazo byikigo.
Q26A4_text;"The organization acknowledges the problem, moves quickly to action, and adapts as needed.";"L'organisation reconnaît le problème, passe rapidement à l'action et s'adapte au besoin.";"La organización reconoce el problema, pasa rápidamente a la acción y se adapta según sea necesario.";"Shirika linakubali shida, huhamia haraka kuchukua hatua, na hubadilika inahitajika.";"Ishirahamwe ryemera ikibazo, rikihutura gukomeza akazi ndetse rikacyira impunduka zose."
Q26A5_text;"The organization openly acknowledges the situation, then we discuss and brainstorm alternatives as a team.";"L'organisation reconnaît ouvertement la situation, puis nous discutons et réfléchissons à des alternatives en équipe";"La organización reconoce abiertamente la situación, luego discutimos e intercambiamos ideas sobre alternativas como equipo.";"Shirika linakubali wazi hali hiyo, kisha tunajadili na kufikiria njia mbadala kama timu.";"Ishirahamwe ryemera kumugaragaro uko ibintu bimeze, hanyuma turaganira no kungurana ibitekerezo muburyo bumwe nkitsinda."
Q26A6_text;There are built in systems for how to respond to urgent challenges.;Il existe des systèmes intégrés pour répondre aux défis urgents.;Hay sistemas integrados sobre cómo responder a desafíos urgentes.;Zimejengwa katika mifumo ya jinsi ya kujibu changamoto za haraka.;Hano hubatswe muri sisitemu yuburyo bwo gukemura ibibazo byihutirwa.
Q26A7_text;none of the above.;Aucune de ces réponses;Ninguna de las anteriores;Hakuna jibu hata moja hapo juu.;Nta na kimwe hejuru
Q27_text;I feel like I can speak up and disagree or discuss uncomfortabletopicswithmy direct manager.;Je sens que je peux parler et être en désaccord ou discuter de sujets inconfortables avec mon supérieur direct.;"Siento que puedo hablar y no estar de acuerdo; o discutir temas incómodos con mi gerente directo.";Ninahisi kama ninaweza kusema na kutokubaliana au kujadili mada zisizo na wasiwasi na meneja wangu wa moja kwa moja.;Ndumva nshobora kuvuga no kutemeranya cyangwa kuganira kubintu bitameze neza n’umuyobozi wanjye.
Q27_low_end_label;Never;Jamais;Nunca;kamwe;Nta na rimwe
Q27_high_end_label;Always;Toujours;Siempre;Daima;Buri gihe
Q27_free_text_label;(OPTIONAL) Say More...;(FACULTATIF) En dire plus...;(OPCIONAL) Diga más ...;(SI hiari) Sema Zaidi;(BIKURIKIRA) Vuga byinshi
Q28_text;I feel capable of influencing or fixing things that aren't great within the company.;Je me sens capable d'influencer ou de réparer des choses qui ne sont pas géniales au sein de l'entreprise.;Me siento capaz de influir o arreglar cosas que no son buenas dentro de la empresa.;Ninahisi nina uwezo wa kushawishi au kurekebisha vitu ambavyo sio nzuri ndani ya kampuni.;Ndumva nshoboye guhindura cyangwa gukosora ibintu bitari byiza muri sosiyete.
Q28_low_end_label;not at all;pas du tout;Para nada;Sio kabisa;Ntabwo ari rwose
Q28_high_end_label;extremely capable;Extrêmement capable;Extremadamente capaz;Uwezo mkubwa;Birashoboka cyane
Q28_free_text_label;(OPTIONAL) Say More...;(FACULTATIF) En dire plus...;(OPCIONAL) Diga más ...;(SI hiari) Sema Zaidi;(BIKURIKIRA) Vuga byinshi
Q29_text;"When it comes to making decisions in your organization, what percentage of decisions do you think are made in the following ways:";"Quand il s'agit de prendre des décisions dans votre organisation, quel pourcentage de décisions pensez-vous être pris de la manière suivante:";"Cuando se trata de tomar decisiones en su organización, ¿qué porcentaje de decisiones cree que se toman de las siguientes formas?";"Linapokuja suala la kufanya maamuzi katika shirika lako, unafikiria ni asilimia ngapi ya maamuzi hufanywa kwa njia zifuatazo:";"Ku bijyanye no gufata ibyemezo mw’ishyirahamwe  ryawe, ni ikihe gipimo cyibyemezo utekereza ko byafashwe muburyo bukurikira:"
Q29_free_text_label;(OPTIONAL) Say More...;(FACULTATIF) En dire plus...;(OPCIONAL) Diga más ...;(SI hiari) Sema Zaidi;(BIKURIKIRA) Vuga byinshi
Q29A1_text;Leadership makes a decision without any input from employees.;La direction prend une décision sans aucune contribution des employés.;El liderazgo toma una decisión sin la participación de los empleados.;Uongozi hufanya uamuzi bila maoni yoyote kutoka kwa wafanyikazi.;Ubuyobozi bufata icyemezo nta gitekerezo cyatanzwe nabakozi.
Q29A2_text;"Leadership consults with managers prior to making a decision, then makes it.";"La direction consulte les gestionnaires avant de prendre une décision, puis la prend.";El liderazgo consulta con los gerentes antes de tomar una decisión y luego la toma.;"Uongozi hushauriana na mameneja kabla ya kufanya uamuzi, kisha huufanya.";"Ubuyobozi bugisha inama abayobozi mbere yo gufata icyemezo, hanyuma bukagifata."
Q29A3_text;"Leadership conducts focus groups, collects data and feedback, then makes decision.";"La direction organise des groupes de discussion, recueille des données et des commentaires, puis prend des décisions.";"El liderazgo lleva a cabo grupos focales, recopila datos y comentarios y luego toma decisiones.";"Uongozi hufanya vikundi vya umakini, hukusanya data na maoni, kisha hufanya uamuzi.";"Ubuyobozi bukora amatsinda yibanze, ikusanya ry’amakuru n'ibitekerezo, hanyuma rigafata icyemezo."
Q29A4_text;Teams or departments make recommendations and leadership selects from these choices.;Les équipes ou les départements font des recommandations et la direction choisit parmi ces choix.;Los equipos o departamentos hacen recomendaciones y el liderazgo selecciona entre estas opciones.;Timu au idara zinatoa mapendekezo na Uongozi huchagua kutoka kwa chaguo hizi.;Amakipe cyangwa amashami atanga ibyifuzo kandi ubuyobozi butoranya muri aya mahitamo.
Q29A5_text;"Leadership may advise, but teams or departments make decisions for themselves.";"La direction peut conseiller, mais les équipes ou les départements prennent des décisions pour eux-mêmes.";"El liderazgo puede asesorar, pero los equipos o departamentos toman decisiones por sí mismos.";"Uongozi unaweza kushauri, lakini timu au idara zinajifanyia maamuzi.";"Ubuyobozi bushobora gutanga inama, ariko  amashami akifatira ibyemezo ubwabo."
Q30_text;Do you feel like your current position makes use of your expertise and skills?;Avez-vous l'impression que votre poste actuel met à profit votre expertise et vos compétences?;¿Siente que su puesto actual hace uso de su experiencia y habilidades?;Je! Unahisi kama msimamo wako wa sasa unatumia utaalam wako na ustadi wako?;Urumva umwanya wawe wubu ukoresha ubuhanga n’ubumenyi bwawe?
Q30_low_end_label;My job does not use/value my skills.;Mon travail n'utilise  / valorise pas mes compétences;Mi trabajo no usa / valora mis habilidades;Kazi yangu haitumii / inathamini ustadi wangu;Akazi kanjye ntabwo gakoresha cyangwa ngo gahe agaciro ubuhanga bwanjye
Q30_high_end_label;My job makes great use of my skills.;Mon métier utilise toutes mes compétences;Mi trabajo usa todas mis habilidades;Kazi yangu hutumia ustadi wangu wote;Akazi kanjye gakoresha ubuhanga bwanjye bwose
Q30_free_text_label;(OPTIONAL) Say More...;(FACULTATIF) En dire plus...;(OPCIONAL) Diga más ...;(SI hiari) Sema Zaidi;(BIKURIKIRA) Vuga byinshi
Q31_text;I think the organization (and executive leadership) would be open to hearing constructive criticism from its employees.;Je pense que l'organisation (et la direction exécutive) serait ouverte aux critiques constructives de ses employés.;Creo que la organización (y el liderazgo ejecutivo) estaría abierta a escuchar críticas constructivas de sus empleados.;Nadhani shirika (na uongozi mtendaji) lingekuwa wazi kusikia ukosoaji mzuri kutoka kwa wafanyikazi wake.;Ndibwira ko ishyirahamwe (n’ubuyobozi bukuru) ryaba ryiteguye kumva no  kunengwa n’abakozi barigize.
Q31_low_end_label;not at all;pas du tout;Para nada;Kamwe;oya rwose
Q31_high_end_label;absolutely;Tout à fait;absolutamente;Mara kwa mara;rwose
Q31_free_text_label;(OPTIONAL) Say More...;(FACULTATIF) En dire plus...;(OPCIONAL) Diga más ...;(SI hiari) Sema Zaidi;(BIKURIKIRA) Vuga byinshi
Q32_text;How would you describe the transparency of your organization?;Comment décririez-vous la transparence de votre organisation?;¿Cómo describiría la transparencia de su organización?;Je! Unawezaje kuelezea uwazi wa shirika lako?;Nigute wasobanura gukorera umucyo mu mirimo y’ishyirahmwe ryawe?  
Q32_free_text_label;(OPTIONAL) Say More...;(FACULTATIF) En dire plus...;(OPCIONAL) Diga más ...;(SI hiari) Sema Zaidi;(BIKURIKIRA) Vuga byinshi
Q32A1_text;"Information is tightly controlled. Most employees do not know what other parts of the organization are doing, or how to move or grow within the organization.";"Les informations sont étroitement contrôlées. La plupart des employés ne savent pas ce que font les autres parties de l'organisation, ni comment évoluer ou se développer au sein de l'organisation.";"La información está estrictamente controlada. La mayoría de los empleados no saben qué están haciendo otras partes de la organización, ni cómo moverse o crecer dentro de la organización.";"Habari inadhibitiwa vyema. Wafanyakazi wengi hawajui sehemu zingine za shirika zinafanya nini, au jinsi ya kuhamia au kukua ndani ya shirika.";"Amakuru aragenzurwa cyane. Abakozi benshi ntibazi ibyo bindi bice by’ishyirahamwe bikora, cyangwa uburyo bwo gutera intambwe cyangwa gukura mw’ishyirahamwe."
Q32A2_text;Inconsistently transparent. Some managers are more direct and informative than others.;Transparence incohérente. Certains gestionnaires sont plus directs et informatifs que d'autres.;Inconsistentemente transparente. Algunos gerentes son más directos e informativos que otros.;Uwazi usiobadilika. Wasimamizi wengine ni wa moja kwa moja na wanaofahamisha zaidi kuliko wengine.;Mu mucyo. Abayobozi bamwe barayobora kandi batanga amakuru kurusha abandi.
Q32A3_text;"Most employees know about goals and projects in the company, but the company is not transparent about budget, employee salaries, and finances.";"La plupart des employés connaissent les objectifs et les projets de l'entreprise, mais l'entreprise n'est pas transparente sur le budget, les salaires des employés et les finances.";"La mayoría de los empleados conocen los objetivos y proyectos de la empresa, pero la empresa no es transparente sobre el presupuesto, los salarios de los empleados y las finanzas.";"Wafanyakazi wengi wanajua juu ya malengo na miradi katika kampuni, lakini kampuni haina uwazi juu ya bajeti, mishahara ya wafanyikazi, na fedha.";"Abakozi benshi bazi intego n'imishinga muri sosiyete, ariko  sosiyete ntitangaza  kubyerekeye bije, imishahara y’abakozi ndetse n’ubukungu."
Q32A4_text;Completely transparent. Any employee can access any information about our organization.;Complètement transparent. Tout employé peut accéder à toutes les informations sur notre organisation.;Totalmente transparente. Cualquier empleado puede acceder a cualquier información sobre nuestra organización.;Uwazi kabisa. Mfanyakazi yeyote anaweza kupata habari yoyote kuhusu shirika letu.;Biri ahagaragara. Umukozi wese ashobora kubona amakuru yose yerekeye ishyirahamwe ryacu.
Q33_text;I trust what my superiors in the company share with me.;J'ai confiance en ce que mes supérieurs de l'entreprise partagent avec moi.;Confío en lo que comparten conmigo mis superiores en la empresa.;Ninaamini kile wakubwa wangu katika kampuni wanashiriki nami.;Nizera ibyo abayobozi banjye muri sosiyete bansangiza.
Q33_low_end_label;Never;Jamais;Nunca;kamwe;Nta na rimwe
Q33_high_end_label;Always;Toujours;Siempre;Daima;Buri gihe
Q33_free_text_label;(OPTIONAL) Say More...;(FACULTATIF) En dire plus...;(OPCIONAL) Diga más ...;(SI hiari) Sema Zaidi;(BIKURIKIRA) Vuga byinshi
Q34_text;"We have had discussions aboutsystemic problems in the company like the gender pay gap, accessibility issues, and lack of diversity.";"Nous avons eu des discussions sur les problèmes systémiques de l'entreprise tels que l'écart de la parité  entre les sexes, les problèmes d'accessibilité et le manque de diversité.";"Hemos tenido discusiones sobre problemas sistémicos en la empresa como la brecha salarial de género, problemas de accesibilidad y falta de diversidad.";"Tumekuwa na majadiliano juu ya shida za kimfumo katika kampuni kama pengo la malipo ya jinsia, maswala ya upatikanaji, na ukosefu wa utofauti.";"Twaganiriye kubibazo bya sisitemu muri sosiyete nk”indandukaniro riri hagati y’imishahara bishingiye ku gitsina, ubushobozi bwo gucyemura imbongamizi ndetse no kuba nta kwishyirahmwe kw’amoko kuhaba.’"
Q34_low_end_label;Never;Jamais;Nunca;Kamwe;Nta na rimwe
Q34_high_end_label;Frequently;Fréquente;frecuentemente;Daima;kenshi
Q34_free_text_label;(OPTIONAL) Say More...;(FACULTATIF) En dire plus...;(OPCIONAL) Diga más ...;(SI hiari) Sema Zaidi;(BIKURIKIRA) Vuga byinshi
Q35_text;I understand why my salary is what it is and how to move up/get a promotion in the organization.;Je comprends pourquoi mon salaire est ce qu'il est et comment progresser / obtenir une promotion dans l'organisation.;Entiendo por qué mi salario es el que es y cómo ascender / conseguir un ascenso en la organización.;Ninaelewa ni kwanini mshahara wangu ni nini na jinsi ya kupanda juu / kupata kukuza katika shirika.;Ndumva impamvu umushahara wanjye uri uko uri kandi n’ukuntu natera imbera mw’ishyirahamwe.
Q35_free_text_label;(OPTIONAL) Say More...;(FACULTATIF) En dire plus...;(OPCIONAL) Diga más ...;(SI hiari) Sema Zaidi;(BIKURIKIRA) Vuga byinshi
Q35A1_text;It is really unclear and inconsistent. No one really knows how to move ahead in the organization;Ce n'est vraiment pas clair et incohérent. Personne ne sait vraiment comment avancer dans l'organisation.;Es realmente poco claro e inconsistente. Nadie sabe realmente cómo avanzar en la organización.;Haijulikani kabisa na haiendani. Hakuna mtu anayejua jinsi ya kuendelea mbele katika tengenezo.;Ntabwo rwose bisobanutse kandi bidahuye. Ntamuntu numwe uzi gutera imbere mw’ishyirahmwe.
Q35A2_text;"Certain people seem to move up, but others are not given clear guidance on how to improve.";"Certaines personnes semblent progresser, mais d'autres ne reçoivent pas d'indications claires sur la manière de s'améliorer.";"Algunas personas parecen avanzar, pero otras no reciben una guía clara sobre cómo mejorar.";"Watu wengine wanaonekana kusonga mbele, lakini wengine hawapewi mwongozo wazi juu ya jinsi ya kuboresha.";"Abantu bamwe basa nka bazamuka, ariko abandi ntibahabwa ubuyobozi busobanutse n’uburyo bwo kwiteza imbere."
Q35A3_text;There are some stated measurements for how to get a promotion.;Il existe certaines mesures indiquées pour savoir comment obtenir une promotion.;Hay algunas medidas establecidas sobre cómo obtener una promoción.;Kuna vipimo kadhaa vya jinsi ya kupata kukuza.;Hariho ibipimo bimwe byerekana uburyo bwo kubona promotion.
Q35A4_text;It's really transparent how people get promotions and how wages are determined.;C'est vraiment transparent comment les gens obtiennent des promotions et comment les salaires sont déterminés.;Es realmente transparente cómo las personas obtienen ascensos y cómo se determinan los salarios.;Ni wazi kabisa jinsi watu wanavyopandishwa vyeo na jinsi mshahara unavyoamuliwa.;Nukuri biragaragara muburyo abantu babona promotion nuburyo umushahara ugenwa.
Q36_text;What structures are in place in your organization? [check all that apply];Quelles structures sont en place dans votre organisation? [Cochez toutes les cases];¿Qué estructuras existen en su organización? [marque todo lo que corresponda];Ni miundo gani iliyopo katika shirika lako? [angalia yote yanayotumika];Ni izihe nzego ziri mw’ishyirahamwe ryanyu? [reba ibisabwa byose]
Q36_free_text_label;(OPTIONAL) Say More...;(FACULTATIF) En dire plus...;(OPCIONAL) Diga más ...;(SI hiari) Sema Zaidi;(BIKURIKIRA) Vuga byinshi
Q36A1_text;Consistent onboarding and orientation process for all employees..;Processus d'intégration et d'orientation cohérent pour tous les employés.;Proceso consistente de incorporación y orientación para todos los empleados.;Mchakato thabiti wa kupanda na kuelekeza kwa wafanyikazi wote.;Gahunda ihoraho hamwe nicyerekezo kubakozi bose.
Q36A2_text;Structured and thorough exit process for all employees.;"Processus clair pour informer ou modifier les politiques; procédures ou plans.";Proceso de salida estructurado y completo para todos los empleados.;Mchakato uliowekwa na kamili wa wafanyikazi wote.;Inzira yo gusohoka kandi yuzuye kubakozi bose.
Q36A3_text;Reliable access to and support from Human Resources or managers if needed.;Processus de sortie structuré et approfondi pour tous les employés.;Acceso confiable y soporte de Recursos Humanos o gerentes si es necesario.;Ufikiaji wa kuaminika na msaada kutoka kwa Rasilimali Watu au mameneja ikiwa inahitajika.;Kubona kwizerwa no gushyigikirwa nabakozi cyangwa abayobozi niba bikenewe.
Q36A4_text;Regular opportunities and clear paths to report problems.;Développement professionnel accessible et soutien pour tous les employés.;Oportunidades periódicas y caminos claros para informar problemas.;Fursa za kawaida na njia wazi za kuripoti shida.;Amahirwe asanzwe n'inzira zisobanutse zo gutanga ibibazo.
Q36A5_text;"Clear process to inform or change policies, procedures, or plans.";Un accès fiable et un soutien des ressources humaines ou des gestionnaires si nécessaire.;"Proceso claro para informar o cambiar políticas, procedimientos o planes.";"Mchakato wazi wa kufahamisha au kubadilisha sera, taratibu, au mipango.";"Sobanura inzira yo kumenyesha cyangwa guhindura amategekoi, inzira, cyangwa gahunda."
Q36A6_text;Accessible professional development and support for all employees.;"Opportunités de collaborer avec d'autres employés sur des questions qui vous intéressent (comités; groupes d'affinité; groupes de discussion)";Desarrollo profesional accesible y apoyo para todos los empleados.;Ukuzaji wa kitaalam unaopatikana na msaada kwa wafanyikazi wote.;Iterambere ryumwuga ninkunga kubakozi bose.
Q36A7_text;"Opportunities to collaborate with other employees on issues that matter to you (committees, affinity groups, focus groups)";Opportunités régulières et chemins clairs pour signaler les problèmes.;"Oportunidades para colaborar con otros empleados en temas que les interesan (comités, grupos de afinidad, grupos focales)";"Fursa za kushirikiana na wafanyikazi wengine juu ya maswala ambayo ni muhimu kwako (kamati, vikundi vya ushirika, vikundi vya kuzingatia)";"Amahirwe yo gufatanya nabandi bakozi kubibazo bikureba (komite, amatsinda yimiryango, amatsinda yibanze)"
Q36A8_text;none of the above;Aucune de ces réponses;Ninguna de las anteriores;Hakuna jibu hata moja hapo juu.;Nta na kimwe hejuru
Q37_text;Rank the following based on what you think the organization (and executives) care most about:;Classez les éléments suivants en fonction de ce qui compte le plus pour l'organisation (et les dirigeants):;Clasifique lo siguiente según lo que crea que le importa más a la organización (y a los ejecutivos):;Weka zifuatazo kulingana na kile unafikiri shirika (na watendaji) wanajali zaidi:;Kurikirana ibi bikurikira ukurikije ibyo utekereza ko ishyirahamwe (n'abayobozi) baha agaciro cyane:
Q37_free_text_label;Are there any you would remove from this list or think should be added?;;¿Hay alguno que eliminaría de esta lista o cree que debería agregarse?;Je! Kuna yoyote ambayo ungeondoa kwenye orodha hii au unafikiria inapaswa kuongezwa?;Hari ibyo wakuramo kururu rutonde cyangwa utekereza ko byakagombye kongerwaho?
Q37A1_text;Profit;Profit;Lucro;Faida;Inyungu
Q37A2_text;Mission & Values;Mission et valeurs;Misión y valores;Utume na Maadili;Imigambi & Indangagaciro
Q37A3_text;Productivity & Efficiency;Productivité et efficacité;Productividad y eficiencia;Uzalishaji na Ufanisi;Umusaruro no kunoza umurimo.
Q37A4_text;Innovation;Innovation;Innovación;Ubunifu;Guhanga udushya
Q37A5_text;"Diversity, Equity, & Inclusion";"Diversité, équité et inclusion";"Diversidad, equidad e inclusión";"Utofauti, Usawa, na Ujumuishaji";Uburinganire no gushyira hamwe.
Q37A6_text;Employee Engagement;Contrat d'employé;Participación de los empleados;Ushiriki wa Wafanyakazi;Ubushake bw’abakozi
Q37A7_text;Employee Wellbeing;Bien-être des employés;Bienestar de los empleados;Ustawi wa Wafanyakazi;Imibereho myiza y'abakozi
Q37A8_text;Control & Order;Contrôle / Commande;Control / Orden;Udhibiti / Agizo;Igenzura / Iteka
Q37A9_text;Public Perception;Perception publique;Percepción pública;Mtazamo wa Umma;Imyumvire rusange
Q37A10_text;"Reputation (\""saving face\"")";"Réputation (""sauver la face"")";"Reputación (""guardar las apariencias"")";"Sifa (""kuokoa uso"")";Isura ry’ishyirahamwe
Q38_text;How happy are you within the organization?;Êtes-vous satisfait de l'organisation?;¿Qué tan feliz está con la organización?;Una furaha gani na shirika?;Nigute wishimiye ishyirahamwe?
Q38_low_end_label;extremely unhappy;extrêmement mécontent;Extremadamente infeliz;sina furaha sana;ntago nishimye nagato
Q38_high_end_label;extremely happy;extrêmement content;Extremadamente feliz;mwenye furaha sana;ndaryishimiye cyane
Q38_free_text_label;(OPTIONAL) Say More...;(FACULTATIF) En dire plus...;(OPCIONAL) Diga más ...;(SI hiari) Sema Zaidi;(BIKURIKIRA) Vuga byinshi
Q39_text;How happy are you with your role/position in the company?;Dans quelle mesure êtes-vous satisfait de votre rôle / position dans l'entreprise?;¿Qué tan satisfecha/o está con su función / puesto en la empresa?;Una furaha gani na jukumu / nafasi yako katika kampuni?;Nigute wishimiye uruhare / umwanya wawe muri sosiyete?
Q39_low_end_label;extremely unhappy;extrêmement mécontent;Extremadamente infeliz;sina furaha sana;ntago nryishimiye nagato
Q39_high_end_label;extremely happy;extrêmement content;Extremadamente feliz;mwenye furaha sana;ndishimye cyane
Q39_free_text_label;(OPTIONAL) Say More...;(FACULTATIF) En dire plus...;(OPCIONAL) Diga más ...;(SI hiari) Sema Zaidi;(BIKURIKIRA) Vuga byinshi
Q40_text;How well does this organization treat its employees?;Dans quelle mesure cette organisation traite-t-elle ses employés?;¿Qué tan bien trata esta organización a sus empleados?;Je! Shirika hili linawatendea vizuri wafanyikazi wake?;Ni mu buhe buryo ishyirahamwe rifata abakozi baryo?
Q40_low_end_label;extremely poorly;mal;Extremadamente Mal;vibaya;nabi
Q40_high_end_label;extremely well;extrêmement bien;Extremadamente bien;vizuri sana;neza cyane
Q40_free_text_label;(OPTIONAL) Say More...;(FACULTATIF) En dire plus...;(OPCIONAL) Diga más ...;(SI hiari) Sema Zaidi;(BIKURIKIRA) Vuga byinshi
Q41_text;How likely are you to be working at this organization 5 years from now?;Quelle est la probabilité que vous travailliez dans cette organisation dans 5 ans?;¿Qué probabilidades hay de usted trabaje en esta organización en 5 años?;Una uwezekano gani wa kufanya kazi katika shirika hili miaka 5 kutoka sasa?;Ese uteganya kuba ugikora muri iri shyirahamwe mu mywaka 5 iza?
Q41_low_end_label;extremely unlikely;extrêmement improbable;Extremadamente improbable;haiwezekani kabisa;oya ntibishoboka
Q41_high_end_label;extremely likely;extrêmement probable;Extremadamente probable;uwezekano mkubwa;birashoboka cyane
Q41_free_text_label;(OPTIONAL) Say More...;(FACULTATIF) En dire plus...;(OPCIONAL) Diga más ...;(SI hiari) Sema Zaidi;(BIKURIKIRA) Vuga byinshi
Q42_text;Rank the following in importance when thinking about whether you would continue to work for this organization:;Classez les éléments suivants par ordre d'importance lorsque vous vous demandez si vous continueriez à travailler pour cette organisation:;Califique lo siguiente en importancia al pensar si continuaría trabajando para esta organización:;Weka zifuatazo kwa umuhimu wakati unafikiria ikiwa utaendelea kufanya kazi kwa shirika hili:;Shyira ibi bikurikira mu bice by’ingenzi mugihe utekereza niba uzakomeza gukorera rino shyirahamwe:
Q42_free_text_label;Are there any you would remove from this list or think should be added?;Y en a-t-il que vous voudriez supprimer de cette liste ou qui devraient être ajoutés ?;;Je! Kuna yoyote ambayo ungeondoa kwenye orodha hii au unafikiria inapaswa kuongezwa?;Hari ibyo wakuramo kururu rutonde cyangwa utekereza ko byakagombye kongerwaho?
Q42A1_text;increase in salaries;augmentation des salaires;aumento de salarios;ongezeko la mishahara;kongera imishahara
Q42A2_text;"increase in benefits (health insurance, paid leave, etc)";"augmentation des prestations (assurance maladie, congés payés, etc.)";"aumento de los beneficios (seguro médico, vacaciones pagadas, etc.)";"b. ongezeko la faida (bima ya afya, likizo ya kulipwa, nk)";"kongera inyungu (ubwishingizi bw'ubuzima, ikiruhuko cyishyuwe, n'ibindi)"
Q42A3_text;opportunities to provide feedback;opportunités de fournir des commentaires;oportunidades para brindar retroalimentación;c. fursa za kutoa maoni;amahirwe yo gutanga ibitekerezo
Q42A4_text;changes in management/leadership;changements de direction / leadership;cambios en la administración / liderazgo;d. mabadiliko katika usimamizi / uongozi;impinduka mu miyoborere ndetse n’ubuyobozi
Q42A5_text;changes in workplace culture.;changements dans la culture du lieu de travail.;cambios en la cultura del lugar de trabajo.;e. mabadiliko katika utamaduni mahali pa kazi.;impinduka mu muco mukazi.
Q42A6_text;opportunities for professional development/promotion.;possibilités de développement professionnel / promotion.;oportunidades de desarrollo / promoción profesional.;f. fursa za kukuza / kukuza taaluma.;amahirwe yo guteza imbere umwuga / kuzamurwa mu ntera.
Q42A7_text;increase inclusion and adaptability for cultural differences and customs.;accroître l'inclusion et l'adaptabilité aux différences culturelles et aux coutumes.;aumentar la inclusión y la adaptabilidad a las diferencias culturales y costumbres.;g. kuongeza ujumuishaji na kubadilika kwa tofauti za kitamaduni na mila..;kongera kwinjiza no guhuza n'imico itandukanye n'imigenzo.
Q43_text;Who provides feedback in the organization? [check all that apply];Qui fournit des commentaires dans l'organisation? [Cochez toutes les cases];¿Quién proporciona retroalimentación en la organización? [marque todo lo que corresponda];Nani hutoa maoni katika shirika? [angalia yote yanayotumika];Ninde utanga ibitekerezo mw’ishyirahamwe ryawe? [reba ibisabwa byose]
Q43A1_text;My direct manager has given me feedback through an annual review of some kind.;Mon supérieur direct m'a fait part de ses commentaires au moyen d'un examen annuel quelconque.;Mi gerente directo me ha dado su opinión a través de una revisión anual de algún tipo.;Meneja wangu wa moja kwa moja amenipa maoni kupitia ukaguzi wa kila mwaka wa aina fulani.;Umuyobozi wanjye utaziguye yampaye ibitekerezo binyuze mubisubiramo buri mwaka muburyo runaka.
Q43A2_text;My direct manager has given me informal feedback and support to help me grow.;"J'ai fourni des commentaires à tous les membres de mon équipe; à mes pairs et à mes collègues.";Mi gerente directo me ha brindado retroalimentación informal y apoyo para ayudar mi desarrollo.;Meneja wangu wa moja kwa moja amenipa maoni yasiyo rasmi na msaada kunisaidia kukua.;Umuyobozi wanjye utaziguye yampaye ibitekerezo bidasanzwe ninkunga yamfasha gukura.
Q43A3_text;I have provided formal feedback about my direct manager;Mon responsable direct m'a donné des commentaires et un soutien informels pour m'aider à grandir.;He proporcionado comentarios formales sobre mi gerente directo.;Nimetoa maoni rasmi kuhusu meneja wangu wa moja kwa moja;Natanze ibitekerezo byemewe kumuyobozi wanjye utaziguye
Q43A4_text;I have provided informal feedback to my direct manager to help them grow.;J'ai fourni des commentaires à d'autres personnes en dehors de mon équipe ou de mon service immédiat.;Le he proporcionado comentarios informales a mi gerente directo para ayudarle a crecer.;Nimetoa maoni yasiyo rasmi kwa meneja wangu wa moja kwa moja kuwasaidia kukua.;Natanze ibitekerezo bidasanzwe kumuyobozi wanjye utaziguye kugirango mbafashe gukura.
Q43A5_text;"I have provided feedback to any of my team members, peers, and colleagues.";J'ai fourni des commentaires formels sur mon responsable direct;"He proporcionado comentarios a cualquiera de los miembros de mi equipo, compañeros y colegas.";"Nimetoa maoni kwa washiriki wowote wa timu yangu, wenzao, na wenzangu.";"Natanze ibitekerezo kuri buri wese mubagize itsinda ryanjye, urungano, na bagenzi banjye."
Q43A6_text;I have provided feedback to others outside of my immediate team or department.;J'ai fourni des commentaires à la haute direction au sein de l'organisation.;He proporcionado comentarios a otras personas fuera de mi equipo o departamento inmediato.;Nimetoa maoni kwa wengine nje ya timu au idara yangu ya karibu.;Natanze ibitekerezo kubandi hanze yikipe yanjye cyangwa ishami ryanjye.
Q43A7_text;I have provided feedback to senior leadership within the organization.;J'ai fourni des commentaires informels à mon responsable direct pour les aider à grandir.;He proporcionado comentarios a los altos directivos de la organización.;Nimetoa maoni kwa uongozi wa juu ndani ya shirika.;Natanze ibitekerezo kubuyobozi bukuru mw’ishyirahamwe.
Q43A8_text;none of the above;Aucune de ces réponses;Ninguna de las anteriores;hakuna hata moja hapo juu;nta na kimwe muri ibyo byavuzwe haruguru
Q44_text;What have you personally been asked to provide feedback about? [check all that apply];Sur quoi vous a-t-on personnellement demandé de fournir des commentaires? [Cochez toutes les cases];¿Sobre qué se le ha pedido personalmente que proporcione comentario? [marque todo lo que corresponda];Je! Wewe binafsi umeulizwa kutoa maoni kuhusu nini? [angalia yote yanayotumika];Niki wowe ubwawe wasabwe gutanga ho ibitekerezo? [reba ibisabwa byose]
Q44A1_text;my own performance;Ma propre performance;Mi propio desempeño;Utendaji wangu mwenyewe;Imikorere yanjye
Q44A2_text;other employeeâ€™s performance;Performance des autres employés;Desempeño de otro empleado;Utendaji wa mfanyakazi mwingine;Imikorere y'abandi
Q44A3_text;my direct managerâ€™s performance;La performance de mon manager direct;El desempeño de mi gerente directo;Utendaji wa meneja wangu wa moja kwa moja;Imikorere yumuyobozi utaziguye
Q44A4_text;Senior leadershipâ€™s performance;la performance de la haute direction;Desempeño del liderazgo superior;Utendaji wa uongozi mwandamizi;Imikorere y'ubuyobozi bukuru
Q44A5_text;Problems or challenges I have observed and experienced in the organization.;Problèmes ou défis que j'ai observés et rencontrés dans l'organisation;Problemas o desafíos que he observado y vivido en la organización.;Shida au changamoto ambazo nimeona na uzoefu katika shirika;Ibibazo cyangwa ibibazo Nabonye kandi nariboneye mumuryango
Q44A6_text;"Specific challenges related to identity, discrimination, harassment, or how employees are treated.";"Défis spécifiques liés à l'identité, à la discrimination, au harcèlement ou à la manière dont les employés sont traités.";"Desafíos específicos relacionados con la identidad, la discriminación, el acoso o cómo se trata a los empleados.";"Changamoto maalum zinazohusiana na kitambulisho, ubaguzi, unyanyasaji, au jinsi wafanyikazi wanavyotendewa.";"Inzitizi zihariye zijyanye nindangamuntu, ivangura, gutotezwa, cyangwa uburyo abakozi bafatwa."
Q44A7_text;The workplace culture as a whole.;La culture du lieu de travail dans son ensemble.;La cultura laboral en su totalidad.;Utamaduni wa mahali pa kazi kwa ujumla.;Umuco wo mukazi muri rusange
Q44A8_text;none of the above;Aucune de ces réponses;Ninguna de las anteriores;Hakuna hata moja hapo juu;Nta na kimwe hejuru
Q45_text;How have you seen feedback used in the organization? [check all that apply];Comment avez-vous vu les commentaires utilisés dans l'organisation? [Cochez toutes les cases];¿Cómo ha visto el uso de la retroalimentación en la organización? [marque todo lo que corresponda];Je! Umeonaje maoni yakitumika katika shirika? [angalia yote yanayotumika];Nigute wabonye ibitekerezo byakoreshejwe mw’ishyirahamwe? [reba ibisabwa byose]
Q45_free_text_label;(OPTIONAL) Say More....;(FACULTATIF) En dire plus...;(OPCIONAL) Diga más ...;(SI hiari) Sema Zaidi;(BIKURIKIRA) Vuga byinshi
Q45A1_text;There is often a report of some kind that shares results.;Il existe souvent un rapport quelconque qui partage les résultats.;A menudo hay algún tipo de informe que comparte los resultados.;Mara nyingi kuna ripoti ya aina fulani inayoshiriki matokeo.;Hariho raporo yubwoko bumwe busangira ibisubizo.
Q45A2_text;Leadership meets to discuss the results of feedback and action steps to take.;Mon supérieur direct a utilisé les commentaires pour améliorer sa gestion et son leadership.;El liderazgo se reúne para discutir los resultados de la retroalimentación y los pasos a seguir.;Uongozi hukutana kujadili matokeo ya maoni na hatua za kuchukua.;Ubuyobozi buraterana kugirango baganire ku bisubizo by'ibitekerezo n'intambwe zo gutera mu gihe kije.
Q45A3_text;Results are discussed openly and brainstorming sessions involve employees from all levels and departments.;Les résultats sont discutés ouvertement et des séances de réflexion  impliquent des employés de tous les niveaux et départements;Los resultados se discuten abiertamente y las sesiones de intercambio de ideas involucran a empleados de todos los niveles y departamentos.;Matokeo yanajadiliwa wazi na vikao vya kujadiliana vinahusisha wafanyikazi kutoka ngazi zote na idara.;Ibisubizo byaganiriweho kumugaragaro kandi kungurana ibitekerezo birimo abakozi bo mu nzego zose.
Q45A4_text;"There are clear, transparent actions that happen based on the results to inform behavior change, policies, and procedures organization wide.";"Des actions claires et transparentes se produisent en fonction des résultats pour informer le changement de comportement, les politiques et les procédures à l'échelle de l'organisation.";"Hay acciones claras y transparentes que suceden basadas de los resultados para informar cambios de comportamiento, políticas y procedimientos en toda la organización.";"Kuna vitendo wazi, vya uwazi ambavyo hufanyika kulingana na matokeo ya kuarifu mabadiliko ya tabia, sera, na taratibu za shirika.";"Hano haribikorwa bisobanutse, biboneye bibaho hashingiwe kubisubizo kugirango umenyeshe impinduka zimyitwarire, politiki, nuburyo bukoreshwa mw’ishirahamwe mugari."
Q45A5_text;My direct manager has used feedback to improve their management and leadership.;Mon supérieur direct a utilisé les commentaires pour améliorer sa gestion et son leadership.;Mi gerente directo ha utilizado la retroalimentación para mejorar su administración y liderazgo.;Meneja wangu wa moja kwa moja ametumia maoni kuboresha usimamizi na uongozi wao.;Umuyobozi wanjye utaziguye yakoresheje ibitekerezo kugirango atezimbere imiyoborere nubuyobozi.
Q45A6_text;none of the above.;Aucune de ces réponses;Ninguna de las anteriores;Hakuna jibu hata moja hapo juu.;Nta na kimwe hejuru
Q46_text;OPTIONAL: Describe what your workplace is like for you.;FACULTATIF: Décrivez à quoi ressemble votre lieu de travail pour vous.;OPCIONAL: Describe cómo es su lugar de trabajo para usted.;KWA hiari: Eleza jinsi mahali pa kazi yako ilivyo kwako.;IHitamo: Sobanura aho ukorera uko hameze mu maso yawe.
Q47_text;Please respond to the following questions to submit (remember all answers you've provided will be anonymous).;Veuillez répondre aux questions suivantes à soumettre (rappelez-vous que toutes les réponses que vous avez fournies seront anonymes).;Responda a las siguientes preguntas para enviar (recuerde que todas las respuestas que haya proporcionado serán anónimas).;Tafadhali jibu maswali yafuatayo kuwasilisha (kumbuka majibu yote uliyotoa hayatajulikana).;Nyamuneka subiza ibibazo bikurikira kugirango ubitange (ibuka ibisubizo byose watanze bizaba bitazwi).
Q47A1_text;Years in the Company;Années au sein de l'entreprise:;Años dentro de la empresa:;Miaka ndani ya Kampuni:;Imyaka muri Sosiyete:
Q47A1_options;"less than 1 year, 1-5 years, 5-15 years, 15+ years, -";"Moins que 1, 1-5, 5-10, 10+";"Menos que 1, 1-5, 5-10, 10+";"Chini ya 1, 1-5, 5-10, 10+";"Munsi ya 1, 1-5, 5-10, 10+"
Q47A2_text;Role;Rôle:;Papel:;Wajibu:;Uruhare:
Q47A2_options;"Employee or Team Member, Manager, People Manager, Senior-Level Management & Executive Leadership Team";"Employé / membre de l'équipe, Gestionnaire de personnes, Gestionnaire de niveau intermédiaire, Responsable exécutif / senior";"Empleado / Miembro de equipo, Gerente de personal, Gerente de nivel medio, Gerente ejecutivo / nivel superior";"Mwajiriwa / Mwanachama wa Timu, Meneja wa Watu, Meneja wa Kiwango cha Kati, Meneja mtendaji / ngazi ya mwandamizi";"Umukozi / Umunyamuryango w'itsinda, Umuyobozi, Umuyobozi wo hagati, Umuyobozi / umuyobozi wo mu rwego rwo hejuru"
Q47A3_text;Geographic Location;Position géographique:;Ubicación geográfica:;Mahali pa Kijiografia:;Aho uherereye:
Q47A3_options;"Southern Maine, Central Maine, Vermont, New Hampshire";"Sud de Maine,  Centre du Maine, Vermont, New Hampshire";"sur de maine, Maine central, Vermont, Nueva Hampshire";"Maine Kusini, Maine ya Kati, Vermont, New Hampshire";"Amajyepfo ya Maine, Hagati ya Maine, Vermont, New Hampshire"
Q47A4_text;"Do you identify as ANY of the following: Black, Indigenous, Person of Color (BIPOC), LGBTQIA+, Immigrant/Asylee/Refugee, Speaker of Other Language (SOL)- non-native English speaker, Person with physical or cognitive differences";"Vous identifiez-vous comme AUCUNE des denominations suivantes : noir, autochtone, personne de couleur (BIPOC), LGBTQIA +, immigrant, parlant une autre langue (SOL) - anglophone non natif, personne ayant des différences physiques ou cognitives, moins d'un an d’ enseignement supérieur";"¿Se identifica como ALGUNO de los siguientes: persona de raza negra, persona indígena, persona de color (BIPOC), LGBTQIA +, inmigrante, hablante de otro idioma (SOL) - hablante no nativo de inglés, persona con diferencias físicas o cognitivas, menos de 1 año de universidad / educación superior";"Je! Unagundua kama YOYOTE yafuatayo: Nyeusi, Asili, Mtu wa Rangi (BIPOC), LGBTQIA +, Wahamiaji, Spika wa Lugha Nyingine (SOL) - mzungumzaji wa Kiingereza ambaye sio asili, Mtu aliye na tofauti za mwili au utambuzi, chini ya mwaka 1 wa chuo kikuu / elimu ya juu";"Werekana ko ari BOSE muri ibi bikurikira: Umwirabura, Umusangwabutaka, Umuntu wamabara (BIPOC), LGBTQIA +, Immigrant, Umuvugizi wizindi ndimi (SOL) - utavuga icyongereza kavukire, Umuntu ufite itandukaniro ryumubiri cyangwa ubwenge, munsi yumwaka 1 kaminuza / amashuri makuru"
Q47A4_options;"Yes I am one or more of these, No none of these terms apply to me";"Oui, je m'identifie comme un ou plusieurs de ces nominations, Non, aucune de ces conditions ne s'applique à moi";"Sí, me identifico como uno o más de estos, No, ninguno de estos términos se aplica a mí";"Ndio ninajitambulisha kama moja au zaidi ya haya, Hakuna hata moja ya haya masharti yanayonihusu";"Yego nderekana nkumwe cyangwa benshi muribi, Oya nta na rimwe muri aya magambo rireba"