American University;
Amherst College;
Barnard College;
Bates College;
Boston College;
Boston University;
Bowdoin College;
Brandeis University;
Brown University;
California Institute of Technology (Caltech);
Cambridge University;
Carleton College;
Carnegie Mellon University;
Case Western Reserve University;
Chinese University of Hong Kong;
Claremont McKenna College;
Clemson University;
Colby College;
Colgate University;
College of William and Mary;
Colorado College;
Columbia University;
Cooper Union for the Advancement of Science & Art;
Cornell University;
Dartmouth College;
Davidson College;
Drew University;
Drexel University;
Duke University;
Durham University;
Emerson College;
Emory University;
Fordham University;
Franklin W. Olin College of Engineering;
George Washington University;
Georgetown University;
Georgia Institute of Technology;
Grinnell College;
Hamilton College;
Hartwick College;
Harvard University;
Harvey Mudd College;
Haverford College;
Imperial College London;
Johns Hopkins University;
Kansas State University;
Kenyon College;
King's College London;
Lafayette College;
Lake Forest College;
Lehigh University;
London School of Economics and Political Science;
Macalester College;
Massachusetts Institute of Technology (MIT);
McGill University;
McMaster University;
Michigan State University;
Middlebury College;
Mount Holyoke College;
Nanyang Technological University Singapore;
National University of Singapore;
New York University (NYU);
Northeastern University;
Northwestern University;
Oberlin College;
Occidental College;
Oxford University;
Pace University;
Penn State University;
Pennsylvania State University—​University Park;
Pitzer College;
Pomona College;
Pratt Insititute;
Princeton University;
Purdue University - West Lafayette;
Reed College;
Rensselaer Polytechnic Institute;
Rhodes College;
Rice University;
Rochester Institute of Technology;
Santa Clara University;
Scripps College;
Smith College;
Stanford University;
Swarthmore College;
Syracuse University;
Texas Christian University;
The University of Edinburgh;
The University of Manchester;
The University of Mary Washington;
Trinity College;
Tufts University;
Tulane University;
Univeristy of Miami;
University College London;
University of British Columbia;
University of California - Berkeley;
University of California - Los Angeles;
University of California - Santa Barbara;
University of California - Santa Cruz;
University of California, Irvine;
University of California, San Diego;
University of Chicago;
University of Colorado Boulder;
University of Denver;
University of Edinburgh;
University of Glasgow;
University of Guelph;
University of Illinois—​Urbana-​Champaign;
University of Manchester;
University of Maryland College Park;
University of Michigan—​Ann Arbor;
University of North Carolina—​Chapel Hill;
University of Notre Dame;
University of Pennsylvania (UPenn);
University of Portland;
University of Richmond;
University of Rochester;
University of San Francisco;
University of Southern California (USC);
University of St Andrews;
University of Texas--Austin;
University of the Pacific;
University of Toronto;
University of Virginia;
University of Warwick;
University of Washington;
University of Waterloo;
University of Wisconsin--Madison;
Vanderbilt University;
Vassar College;
Wake Forest University;
Washington and Lee University;
Washington University in St. Louis;
Wellesley College;
Wesleyan College;
Wesleyan University;
Wilfrid Laurier University;
Willamette University;
William and Mary University;
Williams College;
Worcester Polythecnic Institute;
Yale - NUS college;
Yale University;
